Category,Product_Name,Brand,Amazon_Price,Amazon_URL,Flipkart_Price,Flipkart_URL
Phones,Samsung Galaxy M05,,22999,https://www.amazon.in/Samsung-Galaxy-M05-Storage-Camera/dp/B0D5J8G9YJ,21999,https://www.flipkart.com/samsung-galaxy-m05-5g-ivy-green-128-gb/p/itm0d5c7d4d7b5e4
Phones,OnePlus Nord CE4 Lite 5G,,34999,https://www.amazon.in/OnePlus-Nord-CE4-Lite-5G/dp/B0D3M7J6K2,33999,https://www.flipkart.com/oneplus-nord-ce-4-lite-5g-mega-blue-128-gb/p/itm5f4b3a9c5e4d6
Phones,iQOO Z10 Lite 5G,,15000,https://www.amazon.in/iQOO-Z10-Lite-5G-128GB/dp/B0D7K9L2M3,14500,https://www.flipkart.com/iqoo-z10-lite-5g-brushed-green-128-gb/p/itm6f8b3c4d7e5f2
Phones,Redmi 13 5G Prime Edition,,19999,https://www.amazon.in/Redmi-13-5G-Prime-Edition/dp/B0D5H8G7YJ,18999,https://www.flipkart.com/redmi-13-5g-prime-edition-black-diamond-128-gb/p/itm0d5c7d4d7b5e4
Phones,Samsung Galaxy M06 5G,,15499,https://www.amazon.in/Samsung-Galaxy-M06-5G-Light-Green/dp/B0D5J8G9YJ,14999,https://www.flipkart.com/samsung-galaxy-m06-5g-light-green-128-gb/p/itm0d5c7d4d7b5e4
Phones,iPhone 15,,47499,https://www.amazon.in/Apple-iPhone-15-128GB-Black/dp/B0CHX1W1X2,46499,https://www.flipkart.com/apple-iphone-15-black-128-gb/p/itm6f8b3c4d7e5f2
Phones,Samsung Galaxy A55 5G,,35000,https://www.amazon.in/Samsung-Galaxy-A55-5G-128GB/dp/B0D3M7J6K2,34000,https://www.flipkart.com/samsung-galaxy-a55-5g-awesome-iceblue-128-gb/p/itm5f4b3a9c5e4d6
Phones,iQOO Neo 10,,30000,https://www.amazon.in/iQOO-Neo-10-5G-128GB/dp/B0D7K9L2M3,29000,https://www.flipkart.com/iqoo-neo-10-5g-feather-white-128-gb/p/itm6f8b3c4d7e5f2
Phones,Samsung Galaxy M36 5G,,25000,https://www.amazon.in/Samsung-Galaxy-M36-5G-128GB/dp/B0D5J8G9YJ,24000,https://www.flipkart.com/samsung-galaxy-m36-5g-cyan-black-128-gb/p/itm0d5c7d4d7b5e4
Phones,Redmi Note 14 5G,,20000,https://www.amazon.in/Redmi-Note-14-5G-128GB/dp/B0D5H8G7YJ,19000,https://www.flipkart.com/redmi-note-14-5g-mint-green-128-gb/p/itm0d5c7d4d7b5e4
Phones,Pixel 9,,53499,https://www.amazon.in/Google-Pixel-9-128GB-Obsidian/dp/B0D7K9L2M3,52499,https://www.flipkart.com/google-pixel-9-obsidian-128-gb/p/itm6f8b3c4d7e5f2
Phones,POCO F7,,29499,https://www.amazon.in/POCO-F7-5G-256GB/dp/B0D3M7J6K2,28499,https://www.flipkart.com/poco-f7-5g-titanium-special-edition-256-gb/p/itm5f4b3a9c5e4d6
Phones,Moto G35,,8999,https://www.amazon.in/Moto-G35-5G-128GB/dp/B0D5J8G9YJ,8499,https://www.flipkart.com/motorola-g35-5g-cosmic-black-128-gb/p/itm0d5c7d4d7b5e4
Phones,Samsung Galaxy F06 5G,,9999,https://www.amazon.in/Samsung-Galaxy-F06-5G-128GB/dp/B0D5H8G7YJ,9499,https://www.flipkart.com/samsung-galaxy-f06-5g-glacier-blue-128-gb/p/itm0d5c7d4d7b5e4
Phones,POCO C75 5G,,7999,https://www.amazon.in/POCO-C75-5G-128GB/dp/B0D3M7J6K2,7499,https://www.flipkart.com/poco-c75-5g-power-black-128-gb/p/itm5f4b3a9c5e4d6
Phones,Samsung Galaxy S24 FE 5G,,50000,https://www.amazon.in/Samsung-Galaxy-S24-FE-5G/dp/B0D7K9L2M3,49000,https://www.flipkart.com/samsung-galaxy-s24-fe-5g-graphite-128-gb/p/itm6f8b3c4d7e5f2
Phones,realme P4 Pro 5G,,19999,https://www.amazon.in/realme-P4-Pro-5G-128GB/dp/B0D5J8G9YJ,18999,https://www.flipkart.com/realme-p4-pro-5g-astral-blue-128-gb/p/itm0d5c7d4d7b5e4
Phones,OnePlus Nord 5,,40000,https://www.amazon.in/OnePlus-Nord-5-5G-256GB/dp/B0D5H8G7YJ,39000,https://www.flipkart.com/oneplus-nord-5-5g-meridian-blue-256-gb/p/itm0d5c7d4d7b5e4
Phones,Redmi A4 5G,,12000,https://www.amazon.in/Redmi-A4-5G-128GB/dp/B0D3M7J6K2,11000,https://www.flipkart.com/redmi-a4-5g-starlight-purple-128-gb/p/itm5f4b3a9c5e4d6
Phones,Samsung Galaxy A32,,18000,https://www.amazon.in/Samsung-Galaxy-A32-128GB-Awesome-Black/dp/B08VLMY8KX,17000,https://www.flipkart.com/samsung-galaxy-a32-5g-awesome-black-128-gb/p/itm5f4b3a9c5e4d6
Phones,Samsung Galaxy A72,,20000,https://www.amazon.in/Samsung-Galaxy-A72-5G-128GB/dp/B08VLMY8KX,19000,https://www.flipkart.com/samsung-galaxy-a72-5g-awesome-white-128-gb/p/itm5f4b3a9c5e4d6
Phones,Samsung Galaxy J8,,15000,https://www.amazon.in/Samsung-Galaxy-J8-4GB-64GB/dp/B07D5Y8J3K,14000,https://www.flipkart.com/samsung-galaxy-j8-black-64-gb/p/itm5f4b3a9c5e4d6
Phones,Samsung Galaxy A9,,25000,https://www.amazon.in/Samsung-Galaxy-A9-128GB-Bubblegum/dp/B07K1Y3S3M,24000,https://www.flipkart.com/samsung-galaxy-a9-lemon-pop-128-gb/p/itm5f4b3a9c5e4d6
Phones,Samsung Galaxy S,,60000,https://www.amazon.in/Samsung-Galaxy-S-128GB-Phantom-Gray/dp/B08VLMY8KX,59000,https://www.flipkart.com/samsung-galaxy-s-phantom-gray-128-gb/p/itm5f4b3a9c5e4d6
Phones,vivo V60e 5G,,29999,https://www.amazon.in/vivo-V60e-5G-128GB/dp/B0D5J8G9YJ,28999,https://www.flipkart.com/vivo-v60e-5g-forest-green-128-gb/p/itm0d5c7d4d7b5e4
Phones,iQOO 13,,45000,https://www.amazon.in/iQOO-13-5G-256GB/dp/B0D7K9L2M3,44000,https://www.flipkart.com/iqoo-13-5g-legend-12gb-ram-256gb-rom/p/itm6f8b3c4d7e5f2
Phones,OnePlus 13s,,55000,https://www.amazon.in/OnePlus-13s-5G-256GB/dp/B0D3M7J6K2,54000,https://www.flipkart.com/oneplus-13s-5g-midnight-opal-256-gb/p/itm5f4b3a9c5e4d6
Phones,Redmi Note 14 Pro,,25000,https://www.amazon.in/Redmi-Note-14-Pro-5G/dp/B0D5H8G7YJ,24000,https://www.flipkart.com/redmi-note-14-pro-5g-aurora-128-gb/p/itm0d5c7d4d7b5e4
Phones,Samsung Galaxy M35 5G,,20000,https://www.amazon.in/Samsung-Galaxy-M35-5G-128GB/dp/B0D5J8G9YJ,19000,https://www.flipkart.com/samsung-galaxy-m35-5g-daybreak-blue-128-gb/p/itm0d5c7d4d7b5e4
Phones,Redmi 13C,,10000,https://www.amazon.in/Redmi-13C-4GB-128GB-Midnight/dp/B0CM6Y6J9K,9500,https://www.flipkart.com/redmi-13c-midnight-black-128-gb/p/itm5f4b3a9c5e4d6
Phones,Lava A2 Smart,,9999,https://www.amazon.in/Lava-A2-Smart-2-4-Display/dp/B0D3M7J6K2,8999,https://www.flipkart.com/lava-a2-smart-blue-32-gb/p/itm5f4b3a9c5e4d6
Phones,Samsung Galaxy M14,,15999,https://www.amazon.in/Samsung-Galaxy-M14-5G-128GB/dp/B0BXH8S2W2,14999,https://www.flipkart.com/samsung-galaxy-m14-5g-dark-red-128-gb/p/itm5f4b3a9c5e4d6
Phones,OnePlus Nord CE4,,25000,https://www.amazon.in/OnePlus-Nord-CE4-5G-256GB/dp/B0D5J8G9YJ,24000,https://www.flipkart.com/oneplus-nord-ce-4-5g-dark-chrome-256-gb/p/itm0d5c7d4d7b5e4
Phones,iQOO Z9,,20000,https://www.amazon.in/iQOO-Z9-5G-128GB/dp/B0D7K9L2M3,19000,https://www.flipkart.com/iqoo-z9-5g-brushed-green-128-gb/p/itm6f8b3c4d7e5f2
Phones,Redmi 12 5G,,15000,https://www.amazon.in/Redmi-12-5G-128GB-Jade/dp/B0C7J7K9L2,14000,https://www.flipkart.com/redmi-12-5g-jade-black-128-gb/p/itm5f4b3a9c5e4d6
Phones,Samsung Galaxy A25 5G,,22000,https://www.amazon.in/Samsung-Galaxy-A25-5G-128GB/dp/B0D5H8G7YJ,21000,https://www.flipkart.com/samsung-galaxy-a25-5g-blue-black-128-gb/p/itm0d5c7d4d7b5e4
Phones,Moto G85 5G,,20000,https://www.amazon.in/Moto-G85-5G-128GB/dp/B0D3M7J6K2,19000,https://www.flipkart.com/motorola-g85-5g-olive-green-128-gb/p/itm5f4b3a9c5e4d6
Phones,Nothing Phone 2a,,15000,https://www.amazon.in/Nothing-Phone-2a-5G-128GB/dp/B0D5J8G9YJ,14000,https://www.flipkart.com/nothing-phone-2a-5g-white-128-gb/p/itm0d5c7d4d7b5e4
Phones,CMF Phone 1,,12000,https://www.amazon.in/CMF-Phone-1-5G-128GB/dp/B0D7K9L2M3,11000,https://www.flipkart.com/cmf-phone-1-5g-orange-128-gb/p/itm6f8b3c4d7e5f2
Phones,Realme Narzo 70,,15000,https://www.amazon.in/realme-Narzo-70-5G-128GB/dp/B0D5H8G7YJ,14000,https://www.flipkart.com/realme-narzo-70-5g-forest-green-128-gb/p/itm0d5c7d4d7b5e4
Phones,Infinix Note 40,,14000,https://www.amazon.in/Infinix-Note-40-5G-256GB/dp/B0D3M7J6K2,13000,https://www.flipkart.com/infinix-note-40-5g-titanium-beige-256-gb/p/itm5f4b3a9c5e4d6
Phones,Tecno Pova 6,,13000,https://www.amazon.in/Tecno-Pova-6-Pro-5G/dp/B0D5J8G9YJ,12000,https://www.flipkart.com/tecno-pova-6-pro-5g-dazzling-gold-256-gb/p/itm0d5c7d4d7b5e4
Phones,Vivo T3 5G,,18000,https://www.amazon.in/vivo-T3-5G-128GB/dp/B0D7K9L2M3,17000,https://www.flipkart.com/vivo-t3-5g-sandstone-gold-128-gb/p/itm6f8b3c4d7e5f2
Phones,Oppo A3 Pro,,20000,https://www.amazon.in/Oppo-A3-Pro-5G-128GB/dp/B0D5H8G7YJ,19000,https://www.flipkart.com/oppo-a3-pro-5g-ocean-blue-128-gb/p/itm0d5c7d4d7b5e4
Phones,Honor 200 Lite,,25000,https://www.amazon.in/Honor-200-Lite-5G-256GB/dp/B0D3M7J6K2,24000,https://www.flipkart.com/honor-200-lite-5g-starry-blue-256-gb/p/itm5f4b3a9c5e4d6
Phones,Xiaomi 14 Civi,,30000,https://www.amazon.in/Xiaomi-14-Civi-5G-512GB/dp/B0D5J8G9YJ,29000,https://www.flipkart.com/xiaomi-14-civi-5g-cruise-blue-512-gb/p/itm0d5c7d4d7b5e4
Phones,OnePlus Nord 4,,35000,https://www.amazon.in/OnePlus-Nord-4-5G-256GB/dp/B0D7K9L2M3,34000,https://www.flipkart.com/oneplus-nord-4-5g-meridian-blue-256-gb/p/itm6f8b3c4d7e5f2
Phones,Samsung Galaxy F54,,28000,https://www.amazon.in/Samsung-Galaxy-F54-5G-256GB/dp/B0D5H8G7YJ,27000,https://www.flipkart.com/samsung-galaxy-f54-5g-gorgeous-violet-256-gb/p/itm0d5c7d4d7b5e4
Phones,Moto Edge 50 Fusion,,25000,https://www.amazon.in/Moto-Edge-50-Fusion-256GB/dp/B0D3M7J6K2,24000,https://www.flipkart.com/motorola-edge-50-fusion-5g-forest-blue-256-gb/p/itm5f4b3a9c5e4d6
Phones,Poco X6 Pro,,28000,https://www.amazon.in/POCO-X6-Pro-5G-512GB/dp/B0D5J8G9YJ,27000,https://www.flipkart.com/poco-x6-pro-5g-racing-grey-512-gb/p/itm0d5c7d4d7b5e4
Laptops,HP 15-fd0467TU,,50200,https://www.amazon.in/HP-15-fd0467TU-13th-Gen-i3-1315U/dp/B0D5J8G9YJ,49200,https://www.flipkart.com/hp-15-fd0467tu-intel-core-i3-13th-gen-1315u-8-gb-512-gb-ssd-windows-11-home-15-thin-light-laptop/p/itm0d5c7d4d7b5e4
Laptops,Dell 15 2025,,40000,https://www.amazon.in/Dell-Inspiron-15-2025-i5-1235U/dp/B0D3M7J6K2,39000,https://www.flipkart.com/dell-inspiron-15-2025-intel-core-i5-12th-gen-1235u-16-gb-512-gb-ssd-windows-11-home-thin-light-laptop/p/itm5f4b3a9c5e4d6
Laptops,Lenovo ThinkBook 16,,45000,https://www.amazon.in/Lenovo-ThinkBook-16-G7-ISP-21KC000VIN/dp/B0D7K9L2M3,44000,https://www.flipkart.com/lenovo-thinkbook-16-g7-isp-intel-core-i5-12th-gen-1235u-16-gb-512-gb-ssd-windows-11-home-thin-light-laptop/p/itm6f8b3c4d7e5f2
Laptops,MSI Thin 15,,51240,https://www.amazon.in/MSI-Thin-15-B12UC-2025/dp/B0D5H8G7YJ,50240,https://www.flipkart.com/msi-thin-15-b12uc-2025-intel-core-i5-12th-gen-1235u-16-gb-512-gb-ssd-windows-11-home-15-6-inch-gaming-laptop/p/itm0d5c7d4d7b5e4
Laptops,Lenovo LOQ 2024,,61240,https://www.amazon.in/Lenovo-LOQ-2024-83GS003NIN/dp/B0D3M7J6K2,60240,https://www.flipkart.com/lenovo-loq-2024-83gs003nin-amd-ryzen-5-hexa-core-7235hs-16-gb-512-gb-ssd-windows-11-home-6-graphics-nvidia-geforce-rtx-3050-15-6-inch-gaming-laptop/p/itm5f4b3a9c5e4d6
Laptops,HP Victus,,62240,https://www.amazon.in/HP-Victus-15-fb1013TX/dp/B0D5J8G9YJ,61240,https://www.flipkart.com/hp-victus-15-fb1013tx-intel-core-i5-12th-gen-12450h-16-gb-512-gb-ssd-windows-11-home-4-graphics-nvidia-geforce-rtx-2050-15-6-inch-gaming-laptop/p/itm0d5c7d4d7b5e4
Laptops,Acer ALG,,66990,https://www.amazon.in/Acer-ALG-Gaming-Laptop-AN515-58/dp/B0D7K9L2M3,65990,https://www.flipkart.com/acer-alg-gaming-an515-58-nh-q3msi-001-intel-core-i5-12th-gen-12450h-16-gb-512-gb-ssd-windows-11-home-4-graphics-nvidia-geforce-rtx-3050-15-6-inch-144-hz-gaming-laptop/p/itm6f8b3c4d7e5f2
Laptops,ASUS Vivobook 15,,35000,https://www.amazon.in/ASUS-Vivobook-15-X1504VA-NJ342WS/dp/B0D5H8G7YJ,34000,https://www.flipkart.com/asus-vivobook-15-2025-x1504va-nj342ws-intel-core-i3-13th-gen-1315u-8-gb-512-gb-ssd-windows-11-home-thin-light-laptop/p/itm0d5c7d4d7b5e4
Laptops,Apple MacBook Air M4,,84990,https://www.amazon.in/Apple-MacBook-Air-13-inch-M3/dp/B0D5J8G9YJ,83990,https://www.flipkart.com/apple-2025-macbook-air-m3-apple-m3-8-gb-256-gb-ssd-mac-os-m3-13-6-inch-ultra-thin-light-laptop/p/itm5f4b3a9c5e4d6
Laptops,HP 15-fd0574TU,,38990,https://www.amazon.in/HP-15-fd0574TU-Intel-Core-i3/dp/B0D3M7J6K2,37990,https://www.flipkart.com/hp-15-fd0574tu-intel-core-i3-13th-gen-1315u-8-gb-512-gb-ssd-windows-11-home-15-thin-light-laptop/p/itm5f4b3a9c5e4d6
Laptops,Dell Inspiron 14,,45000,https://www.amazon.in/Dell-Inspiron-14-5430-Laptop/dp/B0D7K9L2M3,44000,https://www.flipkart.com/dell-inspiron-14-2025-5430-intel-core-i5-13th-gen-1335u-16-gb-512-gb-ssd-windows-11-home-thin-light-laptop/p/itm6f8b3c4d7e5f2
Laptops,Lenovo IdeaPad Slim 3,,40000,https://www.amazon.in/Lenovo-IdeaPad-Slim-3-15IRH8/dp/B0D5H8G7YJ,39000,https://www.flipkart.com/lenovo-ideapad-slim-3-15irh8-intel-core-i5-12th-gen-12450h-16-gb-512-gb-ssd-windows-11-home-15-6-inch-gaming-laptop/p/itm0d5c7d4d7b5e4
Laptops,Acer Aspire 5,,38000,https://www.amazon.in/Acer-Aspire-5-A515-58P-2025/dp/B0D3M7J6K2,37000,https://www.flipkart.com/acer-aspire-5-a515-58p-2025-intel-core-i5-13th-gen-1335u-16-gb-512-gb-ssd-windows-11-home-a515-58p-thin-light-laptop/p/itm5f4b3a9c5e4d6
Laptops,ASUS VivoBook 16,,42000,https://www.amazon.in/ASUS-Vivobook-16-X1605ZAC-MB540WS/dp/B0D5J8G9YJ,41000,https://www.flipkart.com/asus-vivobook-16-2025-x1605zac-mb540ws-intel-core-i5-13th-gen-1335u-16-gb-512-gb-ssd-windows-11-home-thin-light-laptop/p/itm0d5c7d4d7b5e4
Laptops,Samsung Galaxy Book4,,60000,https://www.amazon.in/Samsung-Galaxy-Book4-Pro-14/dp/B0D7K9L2M3,59000,https://www.flipkart.com/samsung-galaxy-book4-pro-2025-np940xha-kg2in-intel-core-ultra-7-16-gb-512-gb-ssd-windows-11-home-np940xha-kg2in-thin-light-laptop/p/itm6f8b3c4d7e5f2
Laptops,HP Pavilion x360,,55000,https://www.amazon.in/HP-Pavilion-x360-14-ek1010TU/dp/B0D5H8G7YJ,54000,https://www.flipkart.com/hp-pavilion-x360-14-ek1010tu-intel-core-i5-12th-gen-1235u-16-gb-512-gb-ssd-windows-11-home-14-inch-2-in-1-laptop/p/itm0d5c7d4d7b5e4
Laptops,Lenovo Yoga Slim 7,,70000,https://www.amazon.in/Lenovo-Yoga-Slim-7-14IIL05/dp/B0D3M7J6K2,69000,https://www.flipkart.com/lenovo-yoga-slim-7-14iil05-82x7008fin-intel-core-i5-11th-gen-1135g7-16-gb-512-gb-ssd-windows-10-home-14-inch-thin-light-laptop/p/itm5f4b3a9c5e4d6
Laptops,Dell XPS 13,,90000,https://www.amazon.in/Dell-XPS-13-9315-Laptop/dp/B0D5J8G9YJ,89000,https://www.flipkart.com/dell-xps-13-9315-intel-core-i7-12th-gen-1250u-16-gb-512-gb-ssd-windows-11-home-13-4-inch-ultra-thin-light-laptop/p/itm0d5c7d4d7b5e4
Laptops,MacBook Pro M3,,120000,https://www.amazon.in/Apple-MacBook-Pro-14-inch-M3/dp/B0D7K9L2M3,118000,https://www.flipkart.com/apple-2025-macbook-pro-m3-apple-m3-8-gb-512-gb-ssd-mac-os-m3-14-2-inch-ultra-thin-light-laptop/p/itm6f8b3c4d7e5f2
Laptops,Acer Nitro 5,,65000,https://www.amazon.in/Acer-Nitro-5-AN515-58-2025/dp/B0D5H8G7YJ,64000,https://www.flipkart.com/acer-nitro-5-an515-58-nh-q3msi-001-intel-core-i5-12th-gen-12450h-16-gb-512-gb-ssd-windows-11-home-4-graphics-nvidia-geforce-rtx-3050-15-6-inch-144-hz-gaming-laptop/p/itm0d5c7d4d7b5e4
Laptops,ASUS TUF Gaming A15,,70000,https://www.amazon.in/ASUS-TUF-Gaming-A15-FA506NC-HN015W/dp/B0D3M7J6K2,69000,https://www.flipkart.com/asus-tuf-gaming-a15-2025-fa506ncr-hn015w-amd-ryzen-5-hexa-core-7535hs-16-gb-512-gb-ssd-windows-11-home-4-graphics-nvidia-geforce-rtx-2050-15-6-inch-144-hz-gaming-laptop/p/itm5f4b3a9c5e4d6
Laptops,MSI GF63 Thin,,55000,https://www.amazon.in/MSI-GF63-Thin-11UC-2025/dp/B0D5J8G9YJ,54000,https://www.flipkart.com/msi-gf63-thin-11uc-2025-intel-core-i5-11th-gen-11400h-8-gb-512-gb-ssd-windows-10-home-4-graphics-nvidia-geforce-gtx-1650-max-q-15-6-inch-gaming-laptop/p/itm0d5c7d4d7b5e4
Laptops,HP Omen 16,,80000,https://www.amazon.in/HP-Omen-16-wf1096TX/dp/B0D7K9L2M3,79000,https://www.flipkart.com/hp-omen-16-wf1096tx-intel-core-i7-13th-gen-13700hx-16-gb-1-tb-ssd-windows-11-home-8-graphics-nvidia-geforce-rtx-4070-16-1-inch-gaming-laptop/p/itm6f8b3c4d7e5f2
Laptops,Lenovo Legion 5,,75000,https://www.amazon.in/Lenovo-Legion-5-82RK00B9IN/dp/B0D5H8G7YJ,74000,https://www.flipkart.com/lenovo-legion-5-82rk00b9in-amd-ryzen-7-octa-core-5800h-16-gb-512-gb-ssd-windows-10-home-6-graphics-nvidia-geforce-rtx-3060-15-6-inch-gaming-laptop/p/itm0d5c7d4d7b5e4
Laptops,Razer Blade 14,,150000,https://www.amazon.in/Razer-Blade-14-RZ09-0421EDT3-R3U1/dp/B0D3M7J6K2,148000,https://www.flipkart.com/razer-blade-14-rz09-0421edt3-r3u1-amd-ryzen-9-octa-core-8945hs-16-gb-1-tb-ssd-windows-11-home-6-graphics-nvidia-geforce-rtx-4070-14-inch-gaming-laptop/p/itm5f4b3a9c5e4d6
Laptops,Alienware m16,,140000,https://www.amazon.in/Alienware-m16-R2-AMD-Gaming-Laptop/dp/B0D5J8G9YJ,138000,https://www.flipkart.com/alienware-m16-r2-amd-gaming-laptop-2025-amd-ryzen-9-octa-core-7945hx-32-gb-1-tb-ssd-windows-11-home-8-graphics-nvidia-geforce-rtx-4070-16-inch-240-hz-gaming-laptop/p/itm0d5c7d4d7b5e4
Laptops,Gigabyte Aorus 15,,90000,https://www.amazon.in/Gigabyte-AORUS-15-9KF-2025/dp/B0D7K9L2M3,89000,https://www.flipkart.com/gigabyte-aorus-15-9kf-2025-intel-core-i7-13th-gen-13620h-16-gb-1-tb-ssd-windows-11-home-8-graphics-nvidia-geforce-rtx-4070-15-6-inch-240-hz-gaming-laptop/p/itm6f8b3c4d7e5f2
Laptops,Acer Predator Helios 300,,85000,https://www.amazon.in/Acer-Predator-Helios-300-PH315-55/dp/B0D5H8G7YJ,84000,https://www.flipkart.com/acer-predator-helios-300-ph315-55-78wh-intel-core-i7-12th-gen-12700h-16-gb-1-tb-ssd-windows-11-home-6-graphics-nvidia-geforce-rtx-3060-15-6-inch-gaming-laptop/p/itm0d5c7d4d7b5e4
Laptops,ASUS ROG Strix G16,,80000,https://www.amazon.in/ASUS-ROG-Strix-G16-G614JV-N3251W/dp/B0D3M7J6K2,79000,https://www.flipkart.com/asus-rog-strix-g16-g614jv-n3251w-2025-intel-core-i7-13th-gen-13650hx-16-gb-1-tb-ssd-windows-11-home-8-graphics-nvidia-geforce-rtx-4060-16-1-inch-240-hz-gaming-laptop/p/itm5f4b3a9c5e4d6
Laptops,Dell G15,,70000,https://www.amazon.in/Dell-G15-5530-Gaming-Laptop/dp/B0D5J8G9YJ,69000,https://www.flipkart.com/dell-g15-5530-gaming-laptop-2025-intel-core-i7-13th-gen-13620h-16-gb-1-tb-ssd-windows-11-home-6-graphics-nvidia-geforce-rtx-4060-15-6-inch-165-hz-gaming-laptop/p/itm0d5c7d4d7b5e4
Laptops,HP Victus 16,,60000,https://www.amazon.in/HP-Victus-16-s1019TX-Gaming-Laptop/dp/B0D7K9L2M3,59000,https://www.flipkart.com/hp-victus-16-s1019tx-gaming-laptop-amd-ryzen-5-hexa-core-8645hs-16-gb-512-gb-ssd-windows-11-home-8-graphics-nvidia-geforce-rtx-4060-16-1-inch-144-hz-gaming-laptop/p/itm6f8b3c4d7e5f2
Laptops,Lenovo IdeaPad Gaming 3,,55000,https://www.amazon.in/Lenovo-IdeaPad-Gaming-3-15ACH6/dp/B0D5H8G7YJ,54000,https://www.flipkart.com/lenovo-ideapad-gaming-3-15ach6-82k201wyn-amd-ryzen-5-hexa-core-5600h-16-gb-512-gb-ssd-windows-11-home-4-graphics-nvidia-geforce-rtx-3050-15-6-inch-120-hz-gaming-laptop/p/itm0d5c7d4d7b5e4
Laptops,MSI Katana GF66,,60000,https://www.amazon.in/MSI-Katana-GF66-12UE-2025/dp/B0D3M7J6K2,59000,https://www.flipkart.com/msi-katana-gf66-12ue-2025-intel-core-i5-12th-gen-12450h-16-gb-512-gb-ssd-windows-11-home-4-graphics-nvidia-geforce-rtx-3050-15-6-inch-144-hz-gaming-laptop/p/itm5f4b3a9c5e4d6
Laptops,Acer Aspire Vero,,45000,https://www.amazon.in/Acer-Aspire-Vero-AV15-53P-2025/dp/B0D5J8G9YJ,44000,https://www.flipkart.com/acer-aspire-vero-av15-53p-2025-intel-core-i5-13th-gen-1335u-16-gb-512-gb-ssd-windows-11-home-av15-53p-thin-light-laptop/p/itm0d5c7d4d7b5e4
Laptops,Samsung Galaxy Book3,,50000,https://www.amazon.in/Samsung-Galaxy-Book3-360-NP720QFG-KA1IN/dp/B0D7K9L2M3,49000,https://www.flipkart.com/samsung-galaxy-book3-360-np720qfg-ka1in-intel-core-i7-13th-gen-1360p-16-gb-512-gb-ssd-windows-11-home-13-3-inch-2-in-1-laptop/p/itm6f8b3c4d7e5f2
Laptops,ASUS Zenbook 14,,65000,https://www.amazon.in/ASUS-Zenbook-14-Ultra-7-155H/dp/B0D5H8G7YJ,64000,https://www.flipkart.com/asus-zenbook-14-ux3405ma-pz361ws-intel-core-ultra-7-155h-16-gb-1-tb-ssd-windows-11-home-14-inch-ultra-thin-light-laptop/p/itm0d5c7d4d7b5e4
Laptops,Dell Latitude 7440,,70000,https://www.amazon.in/Dell-Latitude-7440-2-in-1/dp/B0D3M7J6K2,69000,https://www.flipkart.com/dell-latitude-7440-2-in-1-intel-core-i7-13th-gen-1365u-16-gb-512-gb-ssd-windows-11-pro-14-inch-2-in-1-laptop/p/itm5f4b3a9c5e4d6
Laptops,HP EliteBook 840 G10,,80000,https://www.amazon.in/HP-EliteBook-840-G10-Notebook/dp/B0D5J8G9YJ,79000,https://www.flipkart.com/hp-elitebook-840-g10-9f5z1pa-intel-core-i7-13th-gen-1355u-16-gb-512-gb-ssd-windows-11-pro-14-inch-ultra-thin-light-laptop/p/itm0d5c7d4d7b5e4
Laptops,Lenovo ThinkPad X1 Carbon,,90000,https://www.amazon.in/Lenovo-ThinkPad-X1-Carbon-G9/dp/B0D7K9L2M3,89000,https://www.flipkart.com/lenovo-thinkpad-x1-carbon-gen-9-21hm0009in-intel-core-i7-11th-gen-1165g7-32-gb-1-tb-ssd-windows-10-pro-14-inch-ultra-thin-light-laptop/p/itm6f8b3c4d7e5f2
Laptops,Microsoft Surface Laptop 5,,100000,https://www.amazon.in/Microsoft-Surface-Laptop-5-13-5-inch/dp/B0D5H8G7YJ,99000,https://www.flipkart.com/microsoft-surface-laptop-5-13-5-inch-intel-core-i5-12th-gen-1235u-16-gb-256-gb-ssd-windows-11-home-thin-light-laptop/p/itm0d5c7d4d7b5e4
Laptops,Apple MacBook Air M2,,95000,https://www.amazon.in/Apple-2022-MacBook-Air-M2/dp/B0D3M7J6K2,94000,https://www.flipkart.com/apple-2022-macbook-air-m2-apple-m2-8-gb-256-gb-ssd-mac-os-monterey-13-6-inch-ultra-thin-light-laptop/p/itm5f4b3a9c5e4d6
Laptops,Dell Inspiron 16,,70000,https://www.amazon.in/Dell-Inspiron-16-5630-Laptop/dp/B0D5J8G9YJ,69000,https://www.flipkart.com/dell-inspiron-16-5630-intel-core-i7-13th-gen-13620h-16-gb-1-tb-ssd-windows-11-home-16-inch-gaming-laptop/p/itm0d5c7d4d7b5e4
Laptops,HP Envy x360,,50000,https://www.amazon.in/HP-Envy-x360-14-fc0077NR/dp/B0D7K9L2M3,49000,https://www.flipkart.com/hp-envy-x360-14-fc0077nr-amd-ryzen-5-hexa-core-8640hs-16-gb-512-gb-ssd-windows-11-home-14-inch-2-in-1-laptop/p/itm6f8b3c4d7e5f2
Laptops,Lenovo IdeaPad 1,,55000,https://www.amazon.in/Lenovo-IdeaPad-1-14IQLE7/dp/B0D5H8G7YJ,54000,https://www.flipkart.com/lenovo-ideapad-1-14iqle7-82vy000yin-amd-ryzen-5-hexa-core-5500u-8-gb-512-gb-ssd-windows-11-home-14-inch-thin-light-laptop/p/itm0d5c7d4d7b5e4
Laptops,Acer Swift 3,,35000,https://www.amazon.in/Acer-Swift-3-SF314-43-2025/dp/B0D3M7J6K2,34000,https://www.flipkart.com/acer-swift-3-sf314-43-2025-amd-ryzen-5-hexa-core-7530u-16-gb-512-gb-ssd-windows-11-home-sf314-43-thin-light-laptop/p/itm5f4b3a9c5e4d6
Laptops,ASUS VivoBook S14,,40000,https://www.amazon.in/ASUS-VivoBook-S14-S3407VA-LY033WS/dp/B0D5J8G9YJ,39000,https://www.flipkart.com/asus-vivobook-s14-s3407va-ly033ws-2025-amd-ryzen-7-octa-core-7730u-16-gb-512-gb-ssd-windows-11-home-thin-light-laptop/p/itm0d5c7d4d7b5e4
Laptops,Samsung Galaxy Book2,,45000,https://www.amazon.in/Samsung-Galaxy-Book2-360-NP730QFG-KA1IN/dp/B0D7K9L2M3,44000,https://www.flipkart.com/samsung-galaxy-book2-360-np730qfg-ka1in-intel-core-i5-12th-gen-1235u-8-gb-256-gb-ssd-windows-11-home-13-3-inch-2-in-1-laptop/p/itm6f8b3c4d7e5f2
Laptops,MSI Modern 14,,50000,https://www.amazon.in/MSI-Modern-14-C7M-2025/dp/B0D5H8G7YJ,49000,https://www.flipkart.com/msi-modern-14-c7m-2025-amd-ryzen-5-hexa-core-7530u-16-gb-512-gb-ssd-windows-11-home-modern-14-c7m-thin-light-laptop/p/itm0d5c7d4d7b5e4
Laptops,HP 250 G9,,40000,https://www.amazon.in/HP-250-G9-6U0Z6PA/dp/B0D3M7J6K2,39000,https://www.flipkart.com/hp-250-g9-6u0z6pa-intel-core-i3-12th-gen-1215u-8-gb-512-gb-ssd-windows-11-home-15-6-inch-thin-light-laptop/p/itm5f4b3a9c5e4d6
Laptops,Dell Vostro 14,,35000,https://www.amazon.in/Dell-Vostro-14-3440-Laptop/dp/B0D5J8G9YJ,34000,https://www.flipkart.com/dell-vostro-14-3440-intel-core-i3-13th-gen-1315u-8-gb-512-gb-ssd-windows-11-home-14-inch-thin-light-laptop/p/itm0d5c7d4d7b5e4
Headphones,GOBOULT Z40,,1000,https://www.amazon.in/GOBOULT-Z40-Wireless-Headphones-Playtime/dp/B0D5J8G9YJ,900,https://www.flipkart.com/goboult-z40-wireless-headphones-60-h-playtime-zen-enc-mic-type-c-fast-charging-4-eq-modes-ipx5/p/itm0d5c7d4d7b5e4
Headphones,boAt Airdopes 141 ANC,,2000,https://www.amazon.in/boAt-Airdopes-141-ANC-Earbuds/dp/B0D3M7J6K2,1900,https://www.flipkart.com/boat-airdopes-141-anc-truly-wireless-bluetooth-v5-3-earbuds-42h-playtime-quad-mics-enc-anc-50ms-latency-ipx5-13mm-drivers-black/p/itm5f4b3a9c5e4d6
Headphones,boAt Airdopes 121 Pro Plus,,1500,https://www.amazon.in/boAt-Airdopes-121-PRO-Plus/dp/B0D7K9L2M3,1400,https://www.flipkart.com/boat-airdopes-121-pro-plus-truly-wireless-bluetooth-v5-3-earbuds-50h-playtime-iwp-tech-quad-mics-enc-asap-charge-cip-ipx4-active-black/p/itm6f8b3c4d7e5f2
Headphones,Mivi DuoPods i2,,1000,https://www.amazon.in/Mivi-DuoPods-i2-Truly-Wireless/dp/B0D5H8G7YJ,900,https://www.flipkart.com/mivi-duopods-i2-truly-wireless-bluetooth-v5-3-earbuds-30h-playtime-quad-mic-enc-low-latency-13mm-drivers-ipx4-active-black/p/itm0d5c7d4d7b5e4
Headphones,boAt Rockerz 411,,2000,https://www.amazon.in/boAt-Rockerz-411-Bluetooth-Headphones/dp/B0D3M7J6K2,1900,https://www.flipkart.com/boat-rockerz-411-bluetooth-wireless-on-ear-headphones-w-60h-playtime-40mm-drivers-dual-eq-modes-aux-port-ipx4-black/p/itm5f4b3a9c5e4d6
Headphones,Fire-Boltt Fire Pods Aero,,1500,https://www.amazon.in/Fire-Boltt-Fire-Pods-Aero/dp/B0D5J8G9YJ,1400,https://www.flipkart.com/fire-boltt-fire-pods-aero-truly-wireless-bluetooth-v5-3-earbuds-40h-playtime-quad-mic-enc-low-latency-10mm-drivers-ipx5-black/p/itm0d5c7d4d7b5e4
Headphones,boAt Airdopes Prime 701 ANC,,3000,https://www.amazon.in/boAt-Airdopes-Prime-701-ANC/dp/B0D7K9L2M3,2900,https://www.flipkart.com/boat-airdopes-prime-701-anc-truly-wireless-bluetooth-v5-3-earbuds-45h-playtime-anc-quad-mic-enc-50ms-low-latency-10mm-drivers-ipx5-active-black/p/itm6f8b3c4d7e5f2
Headphones,GOBOULT Z20,,800,https://www.amazon.in/GOBOULT-Z20-Wireless-Headphones-Playtime/dp/B0D5H8G7YJ,700,https://www.flipkart.com/goboult-z20-wireless-headphones-50-h-playtime-40mm-drivers-enc-mic-type-c-fast-charging-3-eq-modes-ipx5-black/p/itm0d5c7d4d7b5e4
Headphones,SONY WH-CH520,,3000,https://www.amazon.in/Sony-WH-CH520-Wireless-Headphones-Bluetooth/dp/B0BTMRVJ8D,2900,https://www.flipkart.com/sony-wh-ch520-wireless-headphones-bluetooth-5-2-50-hours-battery-life-20mm-drivers-multi-point-connection-quick-charge-dsee-quick-folding-design-various-colours-black/p/itm5f4b3a9c5e4d6
Headphones,JBL Tune 510BT,,2500,https://www.amazon.in/JBL-Tune-510BT-Wireless-Headphones/dp/B08VLMY8KX,2400,https://www.flipkart.com/jbl-tune-510bt-wireless-on-ear-headphones-w-mic-bluetooth-v5-0-40-hrs-playtime-dual-pairing-voice-assistant-quick-charge-foldable-black/p/itm0d5c7d4d7b5e4
Headphones,Sony WH-CH720N,,5000,https://www.amazon.in/Sony-WH-CH720N-Cancelling-Headphones-Multipoint/dp/B0BTM1Y3S3,4900,https://www.flipkart.com/sony-wh-ch720n-wireless-headphones-bluetooth-5-2-anc-35-hours-battery-life-with-quick-charging-20mm-drivers-dsee-headphones-app-various-colours-black/p/itm6f8b3c4d7e5f2
Headphones,boAt Rockerz 550,,3000,https://www.amazon.in/boAt-Rockerz-550-Bluetooth-Headphones/dp/B07W6S6K5M,2900,https://www.flipkart.com/boat-rockerz-550-wireless-headphones-bluetooth-v5-0-wick-cushions-20h-playtime-50mm-drivers-dual-eq-modes-aux-port-ipx4-gunmetal-black/p/itm5f4b3a9c5e4d6
Headphones,Noise Two,,2000,https://www.amazon.in/Noise-Two-Wireless-Earbuds-Playtime/dp/B0D5J8G9YJ,1900,https://www.flipkart.com/noise-two-truly-wireless-bluetooth-v5-3-earbuds-40h-playtime-quad-mic-enc-low-latency-13mm-drivers-ipx5-black/p/itm0d5c7d4d7b5e4
Headphones,OnePlus Bullets Z2,,1500,https://www.amazon.in/OnePlus-Bullets-Z2-Bluetooth-Headphones/dp/B09R2S3V3K,1400,https://www.flipkart.com/oneplus-bullets-z2-bluetooth-wireless-in-ear-neckband-earphones-w-mic-ipx4-30h-playtime-fast-charge-12-4mm-drivers-bass-black/p/itm5f4b3a9c5e4d6
Headphones,Realme Buds Air 5,,4000,https://www.amazon.in/realme-Buds-Air5-ANC-Earbuds/dp/B0D7K9L2M3,3900,https://www.flipkart.com/realme-buds-air-5-truly-wireless-bluetooth-v5-3-earbuds-38h-battery-life-anc-50ms-low-latency-12-4mm-titanized-drivers-55ms-latency-ipx5-active-black/p/itm6f8b3c4d7e5f2
Headphones,Samsung Galaxy Buds 2,,8000,https://www.amazon.in/Samsung-Galaxy-Buds2-Bluetooth-Earbuds/dp/B09J1Y6B8M,7900,https://www.flipkart.com/samsung-galaxy-buds2-truly-wireless-bluetooth-v5-0-earbuds-w-anc-20hrs-battery-life-ipx2-ambient-sound-mode-graphite/p/itm0d5c7d4d7b5e4
Headphones,Apple AirPods 2,,10000,https://www.amazon.in/Apple-AirPods-2nd-Generation-Case/dp/B07PZF4R7G,9900,https://www.flipkart.com/apple-airpods-2nd-generation-bluetooth-headset-5-0-truly-wireless-m13-chip-5-hrs-play-time-total-upto-24-hrs-with-case-lightning-charging-case-wired-charging-mic/p/itm5f4b3a9c5e4d6
Headphones,Bose QuietComfort 45,,15000,https://www.amazon.in/Bose-QuietComfort-45-Bluetooth-Headphones/dp/B098FKXT8L,14900,https://www.flipkart.com/bose-quietcomfort-45-wireless-headphones-bluetooth-5-1-upto-24-hrs-battery-life-adaptive-noise-cancellation-voice-assistant-customizable-eq-touch-controls-black/p/itm6f8b3c4d7e5f2
Headphones,Sony WH-1000XM5,,20000,https://www.amazon.in/Sony-WH-1000XM5-Cancelling-Headphones-Headphone/dp/B09XS7JYH8,19900,https://www.flipkart.com/sony-wh-1000xm5-wireless-headphones-bluetooth-nc-aptx-adaptive-ldac-anc-30h-battery-life-quick-charge-touch-sensor-controls-speak-to-chat-wear-detection-black/p/itm0d5c7d4d7b5e4
Headphones,Sennheiser Momentum 4,,18000,https://www.amazon.in/Sennheiser-Momentum-4-Wireless-Headphones/dp/B0B1N5Z3QJ,17900,https://www.flipkart.com/sennheiser-momentum-4-wireless-bluetooth-headphones-w-mic-60h-playtime-anc-app-support-audiophile-usb-c-audio-cable-foldable-design-black/p/itm5f4b3a9c5e4d6
Headphones,JBL Live 660NC,,12000,https://www.amazon.in/JBL-Live-660NC-Cancelling-Headphones/dp/B09M3C2Q7K,11900,https://www.flipkart.com/jbl-live-660nc-wireless-headphones-w-anc-voice-aware-50-hrs-playtime-ambient-aware-quick-charge-multi-point-connection-bluetooth-5-0-black/p/itm6f8b3c4d7e5f2
Headphones,Anker Soundcore Life Q30,,8000,https://www.amazon.in/Anker-Soundcore-Cancelling-Headphones-Bluetooth/dp/B08NMZ3W6Z,7900,https://www.flipkart.com/anker-soundcore-life-q30-wireless-headphones-bluetooth-5-0-40h-playtime-hi-res-certified-anc-3-eq-modes-app-control-comfortable-fit-black/p/itm0d5c7d4d7b5e4
Headphones,Audio-Technica ATH-M20x,,5000,https://www.amazon.in/Audio-Technica-ATH-M20x-Professional-Monitor-Headphones/dp/B00HVLUR86,4900,https://www.flipkart.com/audio-technica-ath-m20x-wired-headphones-over-ear-40mm-neodymium-drivers-15hz-20khz-frequency-response-9-8-foot-cable-3-5mm-plug-black/p/itm5f4b3a9c5e4d6
Headphones,Beyerdynamic DT 770 Pro,,6000,https://www.amazon.in/Beyerdynamic-Closed-back-Studio-Mixing-Headphones/dp/B0006NL5SM,5900,https://www.flipkart.com/beyerdynamic-dt-770-pro-250-ohm-closed-back-studio-mixing-headphones-5hz-35khz-frequency-response-3m-cable-3-5mm-plug-gold-black/p/itm6f8b3c4d7e5f2
Headphones,AKG K371,,7000,https://www.amazon.in/AKG-K371-Professional-Over-Ear-Headphones/dp/B08G9L5Z3Q,6900,https://www.flipkart.com/akg-k371-professional-over-ear-closed-back-headphones-5hz-40khz-frequency-response-3m-cable-3-5mm-plug-black/p/itm0d5c7d4d7b5e4
Headphones,HyperX Cloud II,,8000,https://www.amazon.in/HyperX-Cloud-II-Gaming-Headset/dp/B01HSC8X5Y,7900,https://www.flipkart.com/hyperx-cloud-ii-wired-gaming-headset-for-pc-ps4-ps5-7-1-surround-sound-53mm-drivers-7-1-virtual-surround-sound-memory-foam-ear-cushions-detachable-mic-black/p/itm5f4b3a9c5e4d6
Headphones,SteelSeries Arctis 7,,9000,https://www.amazon.in/SteelSeries-Arctis-7-2019-Edition/dp/B07X4Q7Z8K,8900,https://www.flipkart.com/steelseries-arctis-7-2019-edition-wireless-gaming-headset-for-pc-ps4-ps5-24ghz-wireless-low-latency-20hrs-battery-life-clearcast-mic-black/p/itm6f8b3c4d7e5f2
Headphones,Logitech G Pro X,,10000,https://www.amazon.in/Logitech-Pro-X-Gaming-Headset/dp/B07VDL3V7Q,9900,https://www.flipkart.com/logitech-g-pro-x-gaming-headset-with-dts-headphone-x-2-0-surround-sound-50mm-pro-g-drivers-gel-cooled-ear-pads-blue-voice-mic-filtering-black/p/itm0d5c7d4d7b5e4
Headphones,Razer BlackShark V2,,11000,https://www.amazon.in/Razer-BlackShark-V2-Gaming-Headset/dp/B08F2F4L8M,10900,https://www.flipkart.com/razer-blackshark-v2-pro-2023-edition-wireless-gaming-headset-for-pc-ps5-ps4-70hrs-battery-life-50mm-titanium-drivers-thx-spatial-audio-super-wide-band-mic-black/p/itm5f4b3a9c5e4d6
Headphones,Corsair HS60,,7000,https://www.amazon.in/Corsair-HS60-PRO-SURROUND-Headset/dp/B07X4Q7Z8K,6900,https://www.flipkart.com/corsair-hs60-pro-surround-gaming-headset-with-7-1-surround-sound-50mm-neodymium-drivers-discord-certified-on-ear-headphones-with-detachable-mic-carbon/p/itm6f8b3c4d7e5f2
Headphones,Turtle Beach Stealth 600,,8000,https://www.amazon.in/Turtle-Beach-Stealth-600-Gen/dp/B07VDL3V7Q,7900,https://www.flipkart.com/turtle-beach-stealth-600-gen-2-wireless-gaming-headset-for-ps5-ps4-nintendo-switch-pc-80hrs-battery-life-50mm-nanoclear-drivers-flip-to-mute-mic-white-black/p/itm0d5c7d4d7b5e4
Headphones,Astro A40,,9000,https://www.amazon.in/ASTRO-Gaming-A40-TR-Headset/dp/B07X4Q7Z8K,8900,https://www.flipkart.com/astro-a40-tr-mod-kit-gen-4-headset-with-mixamp-pro-tr-for-pc-ps5-ps4-xbox-series-x-s-35mm-jack-24-bit-48khz-audio-customizable-eq-mods-black/p/itm5f4b3a9c5e4d6
Headphones,Plantronics RIG 800,,10000,https://www.amazon.in/Plantronics-RIG-800LX-Gaming-Headset/dp/B07VDL3V7Q,9900,https://www.flipkart.com/plantronics-rig-800lx-wireless-gaming-headset-for-xbox-series-x-s-xbox-one-40hrs-battery-life-40mm-drivers-dolby-audio-flip-to-mute-mic-black/p/itm6f8b3c4d7e5f2
Headphones,boAt Immortal 1000D,,12000,https://www.amazon.in/boAt-Immortal-1000D-Gaming-Headset/dp/B0D5J8G9YJ,11900,https://www.flipkart.com/boat-immortal-1000d-wireless-gaming-headset-bluetooth-5-3-20ms-low-latency-70hrs-playtime-40mm-drivers-7-1-pcm-surround-sound-dual-mode-black/p/itm0d5c7d4d7b5e4
Headphones,Noise Elite ANC,,1500,https://www.amazon.in/Noise-Elite-ANC-Wireless-Headphones/dp/B0D3M7J6K2,1400,https://www.flipkart.com/noise-elite-anc-wireless-headphones-60-h-playtime-40mm-drivers-enc-mic-type-c-fast-charging-3-eq-modes-ipx5-black/p/itm5f4b3a9c5e4d6
Headphones,Realme Buds Wireless 3,,2000,https://www.amazon.in/realme-Buds-Wireless-3-Neckband/dp/B0D7K9L2M3,1900,https://www.flipkart.com/realme-buds-wireless-3-bluetooth-neckband-40h-playtime-13-6mm-dynamic-bass-driver-enc-mic-ipx4-fast-charging-88ms-low-latency-vibrant-black/p/itm6f8b3c4d7e5f2
Headphones,OnePlus Nord Buds 2,,2500,https://www.amazon.in/OnePlus-Nord-Buds-2-Earbuds/dp/B0D5H8G7YJ,2400,https://www.flipkart.com/oneplus-nord-buds-2-truly-wireless-bluetooth-v5-3-earbuds-36h-playtime-12-4mm-drivers-anc-38db-ip55-4-mic-design-gray/p/itm0d5c7d4d7b5e4
Headphones,boAt Airdopes 441,,1000,https://www.amazon.in/boAt-Airdopes-441-Truly-Wireless/dp/B08KX6N5QJ,900,https://www.flipkart.com/boat-airdopes-441-truly-wireless-earbuds-bluetooth-v5-0-150hrs-playtime-iwp-technology-instant-wake-n-pair-asap-charge-5-5mm-drivers-ipx7-active-black/p/itm5f4b3a9c5e4d6
Headphones,Mivi Collab D1,,1200,https://www.amazon.in/Mivi-Collab-D1-Wireless-Earbuds/dp/B0D3M7J6K2,1100,https://www.flipkart.com/mivi-collab-d1-truly-wireless-bluetooth-v5-3-earbuds-25h-playtime-quad-mic-enc-low-latency-10mm-drivers-ipx4-active-black/p/itm5f4b3a9c5e4d6
Headphones,pTron Bassbuds Duo,,800,https://www.amazon.in/pTron-Bassbuds-Duo-Earbuds-Playtime/dp/B0D5J8G9YJ,700,https://www.flipkart.com/ptron-bassbuds-duo-truly-wireless-bluetooth-v5-3-earbuds-24h-playtime-enc-mic-low-latency-13mm-drivers-ipx4-black/p/itm0d5c7d4d7b5e4
Headphones,Boult Audio Z40,,900,https://www.amazon.in/Boult-Audio-Z40-Wireless-Headphones/dp/B0D7K9L2M3,800,https://www.flipkart.com/boult-audio-z40-wireless-headphones-60-h-playtime-40mm-drivers-enc-mic-type-c-fast-charging-4-eq-modes-ipx5-black/p/itm6f8b3c4d7e5f2
Headphones,Fastrack Fpods FE100,,1000,https://www.amazon.in/Fastrack-FPods-FE100-Truly-Wireless/dp/B0D5H8G7YJ,900,https://www.flipkart.com/fastrack-fpods-fe100-truly-wireless-bluetooth-v5-3-earbuds-20h-playtime-enc-mic-low-latency-10mm-drivers-ipx4-black/p/itm0d5c7d4d7b5e4
Headphones,Zebronics Zeb-Thunder Pro,,1100,https://www.amazon.in/Zebronics-Zeb-Thunder-Pro-Headphones/dp/B0D3M7J6K2,1000,https://www.flipkart.com/zebronics-zeb-thunder-pro-bluetooth-v5-3-wireless-over-ear-headphones-w-60h-playtime-40mm-drivers-enc-mic-aux-port-ipx4-black/p/itm5f4b3a9c5e4d6
Headphones,Aroma NB120,,1200,https://www.amazon.in/Aroma-NB120-Wireless-Headphones-Playtime/dp/B0D5J8G9YJ,1100,https://www.flipkart.com/aroma-nb120-wireless-headphones-50-h-playtime-40mm-drivers-enc-mic-type-c-fast-charging-3-eq-modes-ipx5-black/p/itm0d5c7d4d7b5e4
Headphones,Caidea TW500,,1300,https://www.amazon.in/Caidea-TW500-Truly-Wireless-Earbuds/dp/B0D7K9L2M3,1200,https://www.flipkart.com/caidea-tw500-truly-wireless-bluetooth-v5-3-earbuds-30h-playtime-quad-mic-enc-low-latency-13mm-drivers-ipx4-black/p/itm6f8b3c4d7e5f2
Headphones,TECHFIRE 500v2,,1400,https://www.amazon.in/TECHFIRE-500v2-Wireless-Headphones/dp/B0D5H8G7YJ,1300,https://www.flipkart.com/techfire-500v2-wireless-headphones-60-h-playtime-40mm-drivers-enc-mic-type-c-fast-charging-4-eq-modes-ipx5-black/p/itm0d5c7d4d7b5e4
Headphones,Aroma NB119 Diamond,,1500,https://www.amazon.in/Aroma-NB119-Diamond-Wireless-Headphones/dp/B0D3M7J6K2,1400,https://www.flipkart.com/aroma-nb119-diamond-wireless-headphones-50-h-playtime-40mm-drivers-enc-mic-type-c-fast-charging-3-eq-modes-ipx5-silver/p/itm5f4b3a9c5e4d6
